Gene_name,Gene_ID,Chr,Combined_XCI_status,GRCh38,rheMac8,,,,,,,,,
PLCXD1,ENSG00000182378.8,X,escape,276322-303353,44399-57400,,,,,,,,,
GTPBP6,ENSG00000178605.8,X,escape,304750-318819,58882-71681,,,,,,,,,
PPP2R3B,ENSG00000167393.12,X,escape,333933-386907,82944-103595,,,,,,,,,
SHOX,ENSG00000185960.8,X,escape,624344-659411,195839-208973,,,,,,,,,
CSF2RA,ENSG00000198223.10,X,escape,1268808-1310381,587030-627347,,,,,,,,,
IL3RA,ENSG00000185291.6,X,escape,1336785-1382689,653645-683933,,,,,,,,,
SLC25A6,ENSG00000169100.8,X,escape,1386152-1392113,689475-694652,,,,,,,,,
LINC00106,ENSG00000236871.2,X,escape,1396427-1398958,,,,,,,,,,
ASMTL-AS1,ENSG00000236017.3,X,escape,1401811-1413915,708360-711103,,,,,,,,,
ASMTL,ENSG00000169093.10,X,escape,1403139-1452909,710668-740931,,,,,,,,,
P2RY8,ENSG00000182162.5,X,escape,1462581-1537185,750605-828388,,,,,,,,,
AKAP17A,ENSG00000197976.6,X,escape,1591604-1602520,878833-895663,,,,,,,,,
ASMT,ENSG00000196433.7,X,escape,1615059-1643081,913036-929384,,,,,,,,,
DHRSX,ENSG00000169084.8,X,escape,2219506-2500976,1158742-1330973,,,,,,,,,
ZBED1,ENSG00000214717.5,X,escape,2486414-2500967,1434145-1448941,,,,,,,,,
CD99P1,ENSG00000223773.2,X,escape,2609392-2657229,1602326-1634041,,,,,,,,,
CD99,ENSG00000002586.13,X,escape,2691295-2741309,1682908-1732590,,,,,,,,,
XG,ENSG00000124343.8,X,escape,2752052-2815927,1746281-1810963,,,,,,,,,
GYG2,ENSG00000056998.14,X,escape,2828822-2882818,1827570-1923271,,,,,,,,,
ARSD,ENSG00000006756.11,X,escape,2903972-2929339,,,,,,,,,,
ARSE,ENSG00000157399.10,X,escape,2934811-2964341,,,,,,,,,,
ARSH,ENSG00000205667.2,X,escape,3006613-3033571,,,,,,,,,,
ARSF,ENSG00000062096.10,X,escape,3041471-3112727,,,,,,,,,,
CXorf28,ENSG00000228459.2,X,escape,3271820-3284653,,,,,,,,,,
MXRA5,ENSG00000101825.7,X,escape,3308565-3346652,,,,,,,,,,
PRKX,ENSG00000183943.5,X,escape,3604340-3713649,,,,,,,,,,
RP11-706O15.1,ENSG00000205664.6,X,escape,3817528-3843857,,,,,,,,,,
NLGN4X,ENSG00000146938.10,X,variable,5890042-6228867,,,,,,,,,,
HDHD1,ENSG00000130021.9,X,escape,7049763-7148158,,,,,,,,,,
STS,ENSG00000101846.6,X,escape,7219456-7354810,,,,,,,,,,
PNPLA4,ENSG00000006757.7,X,escape,7898247-7927413,,,,,,,,,,
KAL1,ENSG00000011201.6,X,escape,8528874-8732137,,,,,,,,,,
FAM9B,ENSG00000177138.11,X,variable,9025077-9295682,,,,,,,,,,
TBL1X,ENSG00000101849.11,X,variable,9463295-9719740,,,,,,,,,,
GPR143,ENSG00000101850.8,X,variable,9725346-9765847,,,,,,,,,,
SHROOM2,ENSG00000146950.8,X,variable,9786429-9949443,,,,,,,,,,
WWC3,ENSG00000047644.13,X,inactive,10015562-10144478,,,,,,,,,,
CLCN4,ENSG00000073464.7,X,inactive,10156975-10237660,,,,,,,,,,
MID1,ENSG00000101871.10,X,inactive,10445556-10833654,,,,,,,,,,
HCCS,ENSG00000004961.10,X,inactive,11111301-11123078,,,,,,,,,,
ARHGAP6,ENSG00000047648.17,X,inactive,11137544-11665920,,,,,,,,,,
MSL3,ENSG00000005302.13,X,escape,11758159-11775747,,,,,,,,,,
FRMPD4,ENSG00000169933.8,X,inactive,12138466-12724523,,,,,,,,,,
PRPS2,ENSG00000101911.8,X,inactive,12791370-12824222,,,,,,,,,,
TLR7,ENSG00000196664.4,X,inactive,12867072-12890361,,,,,,,,,,
TLR8-AS1,ENSG00000233338.1,X,variable,12902817-12908333,,,,,,,,,,
FAM9C,ENSG00000187268.7,X,escape,13035617-13044620,,,,,,,,,,
GS1-600G8.5,ENSG00000235385.1,X,escape,13310652-13319933,,,,,,,,,,
ATXN3L,ENSG00000123594.3,X,variable,13318236-13320399,,,,,,,,,,
EGFL6,ENSG00000198759.7,X,inactive,13569601-13633575,,,,,,,,,,
TCEANC,ENSG00000176896.7,X,escape,13659687-13663564,,,,,,,,,,
RAB9A,ENSG00000123595.5,X,escape,13689128-13710504,,,,,,,,,,
TRAPPC2,ENSG00000196459.9,X,escape,13712244-13734635,,,,,,,,,,
OFD1,ENSG00000046651.10,X,escape,13734748-13769357,,,,,,,,,,
GPM6B,ENSG00000046653.10,X,escape,13773954-13817346,,,,,,,,,,
GEMIN8,ENSG00000046647.9,X,escape,14008279-14029892,,,,,,,,,,
GLRA2,ENSG00000101958.9,X,inactive,14529536-14731812,,,,,,,,,,
FANCB,ENSG00000181544.9,X,inactive,14843405-14873069,,,,,,,,,,
MOSPD2,ENSG00000130150.7,X,inactive,14873421-14922327,,,,,,,,,,
ASB9,ENSG00000102048.11,X,inactive,15243987-15270083,,,,,,,,,,
ASB11,ENSG00000165192.9,X,variable,15281697-15315640,,,,,,,,,,
PIGA,ENSG00000165195.9,X,inactive,15319451-15335580,,,,,,,,,,
FIGF,ENSG00000165197.4,X,inactive,15345596-15384413,,,,,,,,,,
PIR,ENSG00000087842.6,X,variable,15384799-15493564,,,,,,,,,,
BMX,ENSG00000102010.10,X,variable,15464246-15556529,,,,,,,,,,
ACE2,ENSG00000130234.6,X,escape,15561033-15602069,,,,,,,,,,
TMEM27,ENSG00000147003.5,X,escape,15627318-15664805,,,,,,,,,,
CA5BP1,ENSG00000186312.6,X,escape,15675715-15703349,,,,,,,,,,
CA5B,ENSG00000169239.8,X,escape,15738270-15788411,,,,,,,,,,
ZRSR2,ENSG00000169249.8,X,escape,15790472-15823260,,,,,,,,,,
AP1S2,ENSG00000182287.9,X,escape,15825806-15854931,,,,,,,,,,
GRPR,ENSG00000126010.5,X,variable,16123565-16153518,,,,,,,,,,
CTPS2,ENSG00000047230.10,X,variable,16587999-16712669,,,,,,,,,,
S100G,ENSG00000169906.5,X,escape,16650158-16654670,,,,,,,,,,
SYAP1,ENSG00000169895.5,X,escape,16719612-16765340,,,,,,,,,,
TXLNG,ENSG00000086712.8,X,escape,16786466-16844519,,,,,,,,,,
RBBP7,ENSG00000102054.13,X,variable,16844341-16870414,,,,,,,,,,
REPS2,ENSG00000169891.13,X,inactive,16946658-17153272,,,,,,,,,,
NHS,ENSG00000188158.10,X,variable,17375420-17735994,,,,,,,,,,
SCML1,ENSG00000047634.10,X,inactive,17737469-17754985,,,,,,,,,,
RAI2,ENSG00000131831.13,X,inactive,17800051-17861337,,,,,,,,,,
BEND2,ENSG00000177324.9,X,variable,18162931-18220886,,,,,,,,,,
SCML2,ENSG00000102098.13,X,inactive,18239313-18354688,,,,,,,,,,
CDKL5,ENSG00000008086.6,X,inactive,18425608-18640196,,,,,,,,,,
RS1,ENSG00000102104.8,X,inactive,18639910-18672109,,,,,,,,,,
PPEF1,ENSG00000086717.14,X,variable,18690913-18827921,,,,,,,,,,
PHKA2,ENSG00000044446.7,X,inactive,18892298-18984114,,,,,,,,,,
GPR64,ENSG00000173698.13,X,inactive,18989314-19122559,,,,,,,,,,
PDHA1,ENSG00000131828.9,X,inactive,19343893-19361705,,,,,,,,,,
MAP3K15,ENSG00000180815.10,X,variable,19360679-19515261,,,,,,,,,,
SH3KBP1,ENSG00000147010.13,X,inactive,19533977-19887600,,,,,,,,,,
CXorf23,ENSG00000173681.12,X,inactive,19912860-19970298,,,,,,,,,,
MAP7D2,ENSG00000184368.11,X,inactive,20006713-20116898,,,,,,,,,,
EIF1AX,ENSG00000173674.6,X,escape,20124525-20141838,,,,,,,,,,
RPS6KA3,ENSG00000177189.8,X,inactive,20149911-20266909,,,,,,,,,,
CNKSR2,ENSG00000149970.10,X,variable,21374418-21654695,,,,,,,,,,
SMPX,ENSG00000091482.5,X,inactive,21705978-21758116,,,,,,,,,,
MBTPS2,ENSG00000012174.7,X,inactive,21839617-21885423,,,,,,,,,,
SMS,ENSG00000102172.11,X,inactive,21940709-21994837,,,,,,,,,,
PHEX,ENSG00000102174.7,X,variable,22032325-22251310,,,,,,,,,,
PHEX-AS1,ENSG00000224204.1,X,inactive,22162733-22172983,,,,,,,,,,
PTCHD1,ENSG00000165186.9,X,variable,23334849-23404374,,,,,,,,,,
PRDX4,ENSG00000123131.8,X,inactive,23667493-23686397,,,,,,,,,,
ACOT9,ENSG00000123130.12,X,inactive,23703671-23743276,,,,,,,,,,
SAT1,ENSG00000130066.12,X,inactive,23783173-23786226,,,,,,,,,,
APOO,ENSG00000184831.9,X,inactive,23833353-23907938,,,,,,,,,,
CXorf58,ENSG00000165182.6,X,inactive,23907801-23939507,,,,,,,,,,
KLHL15,ENSG00000174010.9,X,inactive,23983720-24027186,,,,,,,,,,
EIF2S3,ENSG00000130741.6,X,escape,24054956-24078810,,,,,,,,,,
ZFX,ENSG00000005889.11,X,escape,24149745-24216089,,,,,,,,,,
PDK3,ENSG00000067992.8,X,inactive,24465286-24550466,,,,,,,,,,
PCYT1B,ENSG00000102230.9,X,inactive,24558087-24647347,,,,,,,,,,
POLA1,ENSG00000101868.6,X,inactive,24693919-24996986,,,,,,,,,,
MAGEB18,ENSG00000176774.5,X,escape,26138343-26140736,,,,,,,,,,
VENTXP1,ENSG00000259849.1,X,escape,26558337-26561052,,,,,,,,,,
RP11-268G12.3,ENSG00000242021.2,X,escape,27042907-27158993,,,,,,,,,,
SMEK3P,ENSG00000224960.3,X,escape,27460207-27463341,,,,,,,,,,
IL1RAPL1,ENSG00000169306.5,X,variable,28587446-29956718,,,,,,,,,,
MAGEB3,ENSG00000198798.4,X,escape,30230436-30237492,,,,,,,,,,
NR0B1,ENSG00000169297.6,X,escape,30304206-30309390,,,,,,,,,,
CXorf21,ENSG00000120280.5,X,variable,30558809-30577766,,,,,,,,,,
GK,ENSG00000198814.8,X,inactive,30653359-30730608,,,,,,,,,,
TAB3,ENSG00000157625.11,X,inactive,30827442-30975084,,,,,,,,,,
DMD,ENSG00000198947.10,X,inactive,31119228-33211519,,,,,,,,,,
MAGEB16,ENSG00000189023.6,X,inactive,35798342-35803735,,,,,,,,,,
CXorf22,ENSG00000165164.8,X,escape,35919734-35990147,,,,,,,,,,
CXorf30,ENSG00000205081.4,X,variable,36228779-36385316,,,,,,,,,,
PRRG1,ENSG00000130962.13,X,inactive,37349275-37457295,,,,,,,,,,
LANCL3,ENSG00000147036.7,X,variable,37571569-37684463,,,,,,,,,,
XK,ENSG00000047597.5,X,variable,37685791-37732130,,,,,,,,,,
CYBB,ENSG00000165168.6,X,inactive,,,,,,,,,,,
DYNLT3,ENSG00000165169.6,X,inactive,,,,,,,,,,,
SYTL5,ENSG00000147041.7,X,inactive,,,,,,,,,,,
SRPX,ENSG00000101955.10,X,variable,,,,,,,,,,,
RPGR,ENSG00000156313.8,X,inactive,,,,,,,,,,,
OTC,ENSG00000036473.6,X,variable,,,,,,,,,,,
TSPAN7,ENSG00000156298.8,X,inactive,,,,,,,,,,,
MID1IP1,ENSG00000165175.11,X,inactive,,,,,,,,,,,
BCOR,ENSG00000183337.12,X,inactive,,,,,,,,,,,
ATP6AP2,ENSG00000182220.9,X,inactive,,,,,,,,,,,
MPC1L,ENSG00000238205.1,X,escape,,,,,,,,,,,
CXorf38,ENSG00000185753.8,X,escape,,,,,,,,,,,
MED14,ENSG00000180182.6,X,escape,,,,,,,,,,,
USP9X,ENSG00000124486.8,X,escape,,,,,,,,,,,
DDX3X,ENSG00000215301.5,X,escape,,,,,,,,,,,
NYX,ENSG00000188937.5,X,inactive,,,,,,,,,,,
CASK,ENSG00000147044.16,X,inactive,,,,,,,,,,,
GPR34,ENSG00000171659.9,X,inactive,,,,,,,,,,,
MAOA,ENSG00000189221.5,X,escape,,,,,,,,,,,
MAOB,ENSG00000069535.12,X,inactive,,,,,,,,,,,
NDP,ENSG00000124479.8,X,variable,,,,,,,,,,,
EFHC2,ENSG00000183690.12,X,variable,,,,,,,,,,,
FUNDC1,ENSG00000069509.5,X,escape,,,,,,,,,,,
KDM6A,ENSG00000147050.10,X,escape,,,,,,,,,,,
CXorf36,ENSG00000147113.12,X,inactive,,,,,,,,,,,
RP6-99M1.2,ENSG00000270069.1,X,escape,,,,,,,,,,,
KRBOX4,ENSG00000147121.11,X,inactive,,,,,,,,,,,
ZNF674,ENSG00000251192.3,X,inactive,,,,,,,,,,,
ZNF674-AS1,ENSG00000230844.2,X,inactive,,,,,,,,,,,
CHST7,ENSG00000147119.3,X,inactive,,,,,,,,,,,
SLC9A7,ENSG00000065923.5,X,inactive,,,,,,,,,,,
RP2,ENSG00000102218.5,X,inactive,,,,,,,,,,,
PHF16,ENSG00000102221.9,X,inactive,,,,,,,,,,,
RGN,ENSG00000130988.8,X,inactive,,,,,,,,,,,
NDUFB11,ENSG00000147123.10,X,inactive,,,,,,,,,,,
RBM10,ENSG00000182872.11,X,inactive,,,,,,,,,,,
UBA1,ENSG00000130985.12,X,escape,,,,,,,,,,,
CDK16,ENSG00000102225.11,X,escape,,,,,,,,,,,
USP11,ENSG00000102226.5,X,inactive,,,,,,,,,,,
ZNF157,ENSG00000147117.7,X,variable,,,,,,,,,,,
ZNF41,ENSG00000147124.8,X,inactive,,,,,,,,,,,
CXorf24,ENSG00000196741.3,X,inactive,,,,,,,,,,,
ARAF,ENSG00000078061.8,X,inactive,,,,,,,,,,,
SYN1,ENSG00000008056.8,X,inactive,,,,,,,,,,,
TIMP1,ENSG00000102265.7,X,variable,,,,,,,,,,,
CFP,ENSG00000126759.8,X,inactive,,,,,,,,,,,
ELK1,ENSG00000126767.13,X,inactive,,,,,,,,,,,
UXT,ENSG00000126756.7,X,inactive,,,,,,,,,,,
ZNF81,ENSG00000197779.9,X,inactive,,,,,,,,,,,
ZNF182,ENSG00000147118.6,X,inactive,,,,,,,,,,,
ZNF630,ENSG00000221994.6,X,inactive,,,,,,,,,,,
SLC38A5,ENSG00000017483.10,X,inactive,,,,,,,,,,,
FTSJ1,ENSG00000068438.10,X,inactive,,,,,,,,,,,
PORCN,ENSG00000102312.16,X,inactive,,,,,,,,,,,
TBC1D25,ENSG00000068354.11,X,inactive,,,,,,,,,,,
RBM3,ENSG00000102317.13,X,variable,,,,,,,,,,,
RP11-1148L6.5,ENSG00000228343.1,X,inactive,,,,,,,,,,,
WDR13,ENSG00000101940.13,X,inactive,,,,,,,,,,,
WAS,ENSG00000015285.6,X,variable,,,,,,,,,,,
SUV39H1,ENSG00000101945.12,X,inactive,,,,,,,,,,,
GATA1,ENSG00000102145.9,X,inactive,,,,,,,,,,,
HDAC6,ENSG00000094631.14,X,inactive,,,,,,,,,,,
TIMM17B,ENSG00000126768.8,X,inactive,,,,,,,,,,,
PQBP1,ENSG00000102103.11,X,variable,,,,,,,,,,,
SLC35A2,ENSG00000102100.10,X,inactive,,,,,,,,,,,
PIM2,ENSG00000102096.9,X,inactive,,,,,,,,,,,
OTUD5,ENSG00000068308.9,X,inactive,,,,,,,,,,,
KCND1,ENSG00000102057.5,X,inactive,,,,,,,,,,,
GRIPAP1,ENSG00000068400.9,X,inactive,,,,,,,,,,,
TFE3,ENSG00000068323.12,X,inactive,,,,,,,,,,,
CCDC120,ENSG00000147144.8,X,inactive,,,,,,,,,,,
PRAF2,ENSG00000243279.2,X,inactive,,,,,,,,,,,
WDR45,ENSG00000196998.11,X,inactive,,,,,,,,,,,
GPKOW,ENSG00000068394.9,X,inactive,,,,,,,,,,,
MAGIX,ENSG00000017621.11,X,inactive,,,,,,,,,,,
PLP2,ENSG00000102007.6,X,inactive,,,,,,,,,,,
PRICKLE3,ENSG00000012211.8,X,inactive,,,,,,,,,,,
SYP,ENSG00000102003.6,X,inactive,,,,,,,,,,,
CACNA1F,ENSG00000102001.8,X,inactive,,,,,,,,,,,
CCDC22,ENSG00000101997.8,X,inactive,,,,,,,,,,,
FOXP3,ENSG00000049768.10,X,inactive,,,,,,,,,,,
PPP1R3F,ENSG00000049769.8,X,inactive,,,,,,,,,,,
USP27X-AS1,ENSG00000234390.4,X,inactive,,,,,,,,,,,
CLCN5,ENSG00000171365.11,X,inactive,,,,,,,,,,,
AKAP4,ENSG00000147081.10,X,inactive,,,,,,,,,,,
CCNB3,ENSG00000147082.13,X,inactive,,,,,,,,,,,
DGKK,ENSG00000204466.5,X,inactive,,,,,,,,,,,
SHROOM4,ENSG00000158352.11,X,inactive,,,,,,,,,,,
NUDT10,ENSG00000122824.6,X,inactive,,,,,,,,,,,
CXorf67,ENSG00000187690.2,X,inactive,,,,,,,,,,,
NUDT11,ENSG00000196368.4,X,inactive,,,,,,,,,,,
GSPT2,ENSG00000189369.7,X,inactive,,,,,,,,,,,
MAGED1,ENSG00000179222.13,X,inactive,,,,,,,,,,,
SSX8,ENSG00000157965.10,X,inactive,,,,,,,,,,,
FAM156A,ENSG00000182646.12,X,inactive,,,,,,,,,,,
GPR173,ENSG00000184194.5,X,inactive,,,,,,,,,,,
TSPYL2,ENSG00000184205.10,X,inactive,,,,,,,,,,,
RP11-258C19.5,ENSG00000232593.2,X,inactive,,,,,,,,,,,
RP11-258C19.7,ENSG00000270189.1,X,inactive,,,,,,,,,,,
KDM5C,ENSG00000126012.7,X,escape,,,,,,,,,,,
IQSEC2,ENSG00000124313.8,X,escape,,,,,,,,,,,
SMC1A,ENSG00000072501.13,X,escape,,,,,,,,,,,
RIBC1,ENSG00000158423.12,X,escape,,,,,,,,,,,
HSD17B10,ENSG00000072506.8,X,inactive,,,,,,,,,,,
HUWE1,ENSG00000086758.11,X,inactive,,,,,,,,,,,
PHF8,ENSG00000172943.14,X,inactive,,,,,,,,,,,
FAM120C,ENSG00000184083.7,X,inactive,,,,,,,,,,,
WNK3,ENSG00000196632.6,X,inactive,,,,,,,,,,,
TSR2,ENSG00000158526.7,X,inactive,,,,,,,,,,,
FGD1,ENSG00000102302.7,X,inactive,,,,,,,,,,,
GNL3L,ENSG00000130119.11,X,inactive,,,,,,,,,,,
MAGED2,ENSG00000102316.12,X,inactive,,,,,,,,,,,
TRO,ENSG00000067445.16,X,inactive,,,,,,,,,,,
PFKFB1,ENSG00000158571.6,X,inactive,,,,,,,,,,,
APEX2,ENSG00000169188.4,X,inactive,,,,,,,,,,,
ALAS2,ENSG00000158578.14,X,inactive,,,,,,,,,,,
FAM104B,ENSG00000182518.9,X,inactive,,,,,,,,,,,
MAGEH1,ENSG00000187601.3,X,inactive,,,,,,,,,,,
RRAGB,ENSG00000083750.8,X,inactive,,,,,,,,,,,
KLF8,ENSG00000102349.10,X,inactive,,,,,,,,,,,
UBQLN2,ENSG00000188021.7,X,inactive,,,,,,,,,,,
RP11-622K12.1,ENSG00000204272.6,X,inactive,,,,,,,,,,,
SPIN3,ENSG00000204271.6,X,inactive,,,,,,,,,,,
SPIN2A,ENSG00000147059.7,X,inactive,,,,,,,,,,,
FAAH2,ENSG00000165591.6,X,inactive,,,,,,,,,,,
RP11-357C3.3,ENSG00000235437.3,X,inactive,,,,,,,,,,,
SPIN4,ENSG00000186767.5,X,inactive,,,,,,,,,,,
ARHGEF9,ENSG00000131089.9,X,inactive,,,,,,,,,,,
AMER1,ENSG00000184675.5,X,inactive,,,,,,,,,,,
ASB12,ENSG00000198881.8,X,inactive,,,,,,,,,,,
MTMR8,ENSG00000102043.11,X,inactive,,,,,,,,,,,
ZC4H2,ENSG00000126970.11,X,inactive,,,,,,,,,,,
ZC3H12B,ENSG00000102053.11,X,inactive,,,,,,,,,,,
LAS1L,ENSG00000001497.12,X,inactive,,,,,,,,,,,
MSN,ENSG00000147065.12,X,inactive,,,,,,,,,,,
VSIG4,ENSG00000155659.10,X,variable,,,,,,,,,,,
HEPH,ENSG00000089472.12,X,inactive,,,,,,,,,,,
EDA2R,ENSG00000131080.10,X,inactive,,,,,,,,,,,
AR,ENSG00000169083.11,X,inactive,,,,,,,,,,,
OPHN1,ENSG00000079482.11,X,inactive,,,,,,,,,,,
YIPF6,ENSG00000181704.7,X,inactive,,,,,,,,,,,
STARD8,ENSG00000130052.9,X,inactive,,,,,,,,,,,
EFNB1,ENSG00000090776.5,X,inactive,,,,,,,,,,,
PJA1,ENSG00000181191.11,X,inactive,,,,,,,,,,,
EDA,ENSG00000158813.13,X,inactive,,,,,,,,,,,
IGBP1,ENSG00000089289.11,X,inactive,,,,,,,,,,,
DGAT2L6,ENSG00000184210.5,X,variable,,,,,,,,,,,
AWAT1,ENSG00000204195.3,X,inactive,,,,,,,,,,,
P2RY4,ENSG00000186912.5,X,inactive,,,,,,,,,,,
ARR3,ENSG00000120500.13,X,inactive,,,,,,,,,,,
RAB41,ENSG00000147127.4,X,inactive,,,,,,,,,,,
KIF4A,ENSG00000090889.10,X,inactive,,,,,,,,,,,
DLG3,ENSG00000082458.7,X,inactive,,,,,,,,,,,
SNX12,ENSG00000147164.7,X,inactive,,,,,,,,,,,
FOXO4,ENSG00000184481.12,X,variable,,,,,,,,,,,
CXorf65,ENSG00000204165.5,X,variable,,,,,,,,,,,
MED12,ENSG00000184634.11,X,inactive,,,,,,,,,,,
NLGN3,ENSG00000196338.8,X,inactive,,,,,,,,,,,
ZMYM3,ENSG00000147130.10,X,inactive,,,,,,,,,,,
NONO,ENSG00000147140.11,X,inactive,,,,,,,,,,,
ITGB1BP2,ENSG00000147166.6,X,inactive,,,,,,,,,,,
TAF1,ENSG00000147133.11,X,inactive,,,,,,,,,,,
OGT,ENSG00000147162.9,X,inactive,,,,,,,,,,,
ACRC,ENSG00000147174.7,X,inactive,,,,,,,,,,,
CXCR3,ENSG00000186810.7,X,inactive,,,,,,,,,,,
NHSL2,ENSG00000204131.6,X,variable,,,,,,,,,,,
RGAG4,ENSG00000242732.3,X,inactive,,,,,,,,,,,
RP11-262D11.2,ENSG00000225471.2,X,variable,,,,,,,,,,,
PIN4,ENSG00000102309.8,X,inactive,,,,,,,,,,,
ERCC6L,ENSG00000186871.5,X,inactive,,,,,,,,,,,
RPS4X,ENSG00000198034.6,X,escape,,,,,,,,,,,
CITED1,ENSG00000125931.6,X,inactive,,,,,,,,,,,
HDAC8,ENSG00000147099.15,X,inactive,,,,,,,,,,,
PHKA1,ENSG00000067177.10,X,inactive,,,,,,,,,,,
NAP1L2,ENSG00000186462.7,X,inactive,,,,,,,,,,,
MAP2K4P1,ENSG00000269904.2,X,inactive,,,,,,,,,,,
CHIC1,ENSG00000204116.7,X,inactive,,,,,,,,,,,
XIST,ENSG00000229807.5,X,escape,73820656-73852723,,,,,,,,,,
JPX,ENSG00000225470.2,X,escape,,,,,,,,,,,
FTX,ENSG00000230590.3,X,inactive,,,,,,,,,,,
RP3-368A4.5,ENSG00000271430.1,X,inactive,,,,,,,,,,,
RP3-368A4.6,ENSG00000271533.1,X,inactive,,,,,,,,,,,
SLC16A2,ENSG00000147100.5,X,inactive,,,,,,,,,,,
RLIM,ENSG00000131263.8,X,inactive,,,,,,,,,,,
KIAA2022,ENSG00000050030.9,X,inactive,,,,,,,,,,,
ABCB7,ENSG00000131269.11,X,inactive,,,,,,,,,,,
UPRT,ENSG00000094841.9,X,inactive,,,,,,,,,,,
ZDHHC15,ENSG00000102383.9,X,inactive,,,,,,,,,,,
TTC3P1,ENSG00000215105.3,X,inactive,,,,,,,,,,,
PBDC1,ENSG00000102390.6,X,inactive,,,,,,,,,,,
MAGEE1,ENSG00000198934.3,X,variable,,,,,,,,,,,
ATRX,ENSG00000085224.16,X,inactive,,,,,,,,,,,
MAGT1,ENSG00000102158.15,X,inactive,,,,,,,,,,,
COX7B,ENSG00000131174.4,X,variable,,,,,,,,,,,
ATP7A,ENSG00000165240.13,X,variable,,,,,,,,,,,
PGK1,ENSG00000102144.9,X,inactive,,,,,,,,,,,
CYSLTR1,ENSG00000173198.4,X,inactive,,,,,,,,,,,
LPAR4,ENSG00000147145.8,X,inactive,,,,,,,,,,,
P2RY10,ENSG00000078589.8,X,variable,,,,,,,,,,,
GPR174,ENSG00000147138.1,X,variable,,,,,,,,,,,
ITM2A,ENSG00000078596.6,X,inactive,,,,,,,,,,,
BRWD3,ENSG00000165288.10,X,inactive,,,,,,,,,,,
HMGN5,ENSG00000198157.6,X,variable,,,,,,,,,,,
SH3BGRL,ENSG00000131171.8,X,variable,,,,,,,,,,,
CYLC1,ENSG00000183035.8,X,inactive,,,,,,,,,,,
RPS6KA6,ENSG00000072133.6,X,inactive,,,,,,,,,,,
HDX,ENSG00000165259.9,X,inactive,,,,,,,,,,,
APOOL,ENSG00000155008.9,X,inactive,,,,,,,,,,,
SATL1,ENSG00000184788.8,X,inactive,,,,,,,,,,,
ZNF711,ENSG00000147180.12,X,variable,,,,,,,,,,,
POF1B,ENSG00000124429.13,X,variable,,,,,,,,,,,
CHM,ENSG00000188419.9,X,inactive,,,,,,,,,,,
DACH2,ENSG00000126733.16,X,variable,,,,,,,,,,,
KLHL4,ENSG00000102271.9,X,inactive,,,,,,,,,,,
CPXCR1,ENSG00000147183.5,X,escape,,,,,,,,,,,
PCDH11X,ENSG00000102290.17,X,variable,,,,,,,,,,,
NAP1L3,ENSG00000186310.9,X,escape,,,,,,,,,,,
FAM133A,ENSG00000179083.5,X,inactive,,,,,,,,,,,
DIAPH2,ENSG00000147202.13,X,inactive,,,,,,,,,,,
DIAPH2-AS1,ENSG00000236256.5,X,variable,,,,,,,,,,,
XRCC6P5,ENSG00000215070.3,X,inactive,,,,,,,,,,,
PCDH19,ENSG00000165194.10,X,escape,,,,,,,,,,,
TSPAN6,ENSG00000000003.10,X,variable,,,,,,,,,,,
SRPX2,ENSG00000102359.5,X,variable,,,,,,,,,,,
SYTL4,ENSG00000102362.11,X,escape,,,,,,,,,,,
CSTF2,ENSG00000101811.9,X,inactive,,,,,,,,,,,
NOX1,ENSG00000007952.13,X,escape,,,,,,,,,,,
XKRX,ENSG00000182489.7,X,variable,,,,,,,,,,,
ARL13A,ENSG00000174225.10,X,inactive,,,,,,,,,,,
TRMT2B,ENSG00000188917.10,X,inactive,,,,,,,,,,,
TMEM35,ENSG00000126950.7,X,inactive,,,,,,,,,,,
CENPI,ENSG00000102384.9,X,inactive,,,,,,,,,,,
DRP2,ENSG00000102385.8,X,inactive,,,,,,,,,,,
TAF7L,ENSG00000102387.11,X,escape,,,,,,,,,,,
TIMM8A,ENSG00000126953.5,X,inactive,,,,,,,,,,,
BTK,ENSG00000010671.11,X,inactive,,,,,,,,,,,
RPL36A,ENSG00000241343.5,X,inactive,,,,,,,,,,,
RPL36A-HNRNPH2,ENSG00000257529.1,X,inactive,,,,,,,,,,,
GLA,ENSG00000102393.5,X,inactive,,,,,,,,,,,
HNRNPH2,ENSG00000126945.8,X,inactive,,,,,,,,,,,
ARMCX4,ENSG00000196440.7,X,inactive,,,,,,,,,,,
ARMCX1,ENSG00000126947.7,X,inactive,,,,,,,,,,,
ARMCX6,ENSG00000198960.6,X,inactive,,,,,,,,,,,
ARMCX3,ENSG00000102401.15,X,inactive,,,,,,,,,,,
RP4-545K15.5,ENSG00000261101.1,X,inactive,,,,,,,,,,,
ARMCX2,ENSG00000184867.9,X,inactive,,,,,,,,,,,
NXF5,ENSG00000126952.12,X,escape,,,,,,,,,,,
ZMAT1,ENSG00000166432.10,X,variable,,,,,,,,,,,
TCEAL2,ENSG00000184905.4,X,inactive,,,,,,,,,,,
TMSB15A,ENSG00000158164.6,X,inactive,,,,,,,,,,,
GPRASP1,ENSG00000198932.8,X,inactive,,,,,,,,,,,
GPRASP2,ENSG00000158301.14,X,inactive,,,,,,,,,,,
BHLHB9,ENSG00000198908.7,X,inactive,,,,,,,,,,,
LL0XNC01-237H1.3,ENSG00000234050.1,X,variable,,,,,,,,,,,
NXF3,ENSG00000147206.12,X,variable,,,,,,,,,,,
BEX4,ENSG00000102409.9,X,inactive,,,,,,,,,,,
BEX2,ENSG00000133134.7,X,inactive,,,,,,,,,,,
TCEAL7,ENSG00000182916.7,X,inactive,,,,,,,,,,,
WBP5,ENSG00000185222.7,X,variable,,,,,,,,,,,
NGFRAP1,ENSG00000166681.9,X,inactive,,,,,,,,,,,
RAB40A,ENSG00000172476.3,X,inactive,,,,,,,,,,,
TCEAL4,ENSG00000133142.13,X,inactive,,,,,,,,,,,
TCEAL1,ENSG00000172465.9,X,inactive,,,,,,,,,,,
MORF4L2,ENSG00000123562.12,X,inactive,,,,,,,,,,,
MORF4L2-AS1,ENSG00000231154.1,X,variable,,,,,,,,,,,
GLRA4,ENSG00000188828.7,X,variable,,,,,,,,,,,
PLP1,ENSG00000123560.9,X,inactive,,,,,,,,,,,
RAB9B,ENSG00000123570.3,X,inactive,,,,,,,,,,,
TMSB15B,ENSG00000158427.10,X,inactive,,,,,,,,,,,
SLC25A53,ENSG00000176274.6,X,inactive,,,,,,,,,,,
ZCCHC18,ENSG00000166707.6,X,inactive,,,,,,,,,,,
FAM199X,ENSG00000123575.8,X,inactive,,,,,,,,,,,
IL1RAPL2,ENSG00000189108.8,X,variable,,,,,,,,,,,
NRK,ENSG00000123572.12,X,inactive,,,,,,,,,,,
MUM1L1,ENSG00000157502.8,X,inactive,,,,,,,,,,,
CXorf57,ENSG00000147231.9,X,inactive,,,,,,,,,,,
TBC1D8B,ENSG00000133138.15,X,inactive,,,,,,,,,,,
MORC4,ENSG00000133131.10,X,inactive,,,,,,,,,,,
RIPPLY1,ENSG00000147223.5,X,inactive,,,,,,,,,,,
CLDN2,ENSG00000165376.6,X,inactive,,,,,,,,,,,
RBM41,ENSG00000089682.12,X,inactive,,,,,,,,,,,
NUP62CL,ENSG00000198088.6,X,variable,,,,,,,,,,,
PIH1D3,ENSG00000080572.8,X,escape,,,,,,,,,,,
FRMPD3,ENSG00000147234.6,X,variable,,,,,,,,,,,
PRPS1,ENSG00000147224.6,X,inactive,,,,,,,,,,,
TSC22D3,ENSG00000157514.12,X,inactive,,,,,,,,,,,
MID2,ENSG00000080561.9,X,variable,,,,,,,,,,,
RP6-191P20.4,ENSG00000236064.1,X,inactive,,,,,,,,,,,
PSMD10,ENSG00000101843.14,X,inactive,,,,,,,,,,,
ATG4A,ENSG00000101844.13,X,inactive,,,,,,,,,,,
COL4A6,ENSG00000197565.11,X,variable,,,,,,,,,,,
COL4A5,ENSG00000188153.8,X,inactive,,,,,,,,,,,
GUCY2F,ENSG00000101890.4,X,variable,,,,,,,,,,,
NXT2,ENSG00000101888.7,X,inactive,,,,,,,,,,,
KCNE1L,ENSG00000176076.6,X,inactive,,,,,,,,,,,
ACSL4,ENSG00000068366.15,X,inactive,,,,,,,,,,,
TMEM164,ENSG00000157600.7,X,inactive,,,,,,,,,,,
AMMECR1,ENSG00000101935.5,X,inactive,,,,,,,,,,,
RGAG1,ENSG00000243978.4,X,variable,,,,,,,,,,,
CHRDL1,ENSG00000101938.10,X,inactive,,,,,,,,,,,
PAK3,ENSG00000077264.10,X,inactive,,,,,,,,,,,
CAPN6,ENSG00000077274.7,X,inactive,,,,,,,,,,,
DCX,ENSG00000077279.12,X,inactive,,,,,,,,,,,
ALG13,ENSG00000101901.6,X,variable,,,,,,,,,,,
TRPC5,ENSG00000072315.3,X,variable,,,,,,,,,,,
ZCCHC16,ENSG00000187823.2,X,escape,,,,,,,,,,,
LHFPL1,ENSG00000182508.9,X,inactive,,,,,,,,,,,
AMOT,ENSG00000126016.9,X,inactive,,,,,,,,,,,
HTR2C,ENSG00000147246.5,X,escape,,,,,,,,,,,
LRCH2,ENSG00000130224.10,X,inactive,,,,,,,,,,,
PLS3,ENSG00000102024.13,X,variable,,,,,,,,,,,
AGTR2,ENSG00000180772.6,X,inactive,,,,,,,,,,,
SLC6A14,ENSG00000087916.7,X,inactive,,,,,,,,,,,
KLHL13,ENSG00000003096.9,X,inactive,,,,,,,,,,,
WDR44,ENSG00000131725.9,X,inactive,,,,,,,,,,,
DOCK11,ENSG00000147251.11,X,inactive,,,,,,,,,,,
IL13RA1,ENSG00000131724.6,X,inactive,,,,,,,,,,,
LONRF3,ENSG00000175556.12,X,inactive,,,,,,,,,,,
KIAA1210,ENSG00000250423.2,X,variable,,,,,,,,,,,
PGRMC1,ENSG00000101856.8,X,inactive,,,,,,,,,,,
SLC25A43,ENSG00000077713.14,X,inactive,,,,,,,,,,,
SLC25A5-AS1,ENSG00000224281.4,X,inactive,,,,,,,,,,,
SLC25A5,ENSG00000005022.5,X,inactive,,,,,,,,,,,
CXorf56,ENSG00000018610.9,X,inactive,,,,,,,,,,,
UBE2A,ENSG00000077721.11,X,inactive,,,,,,,,,,,
NKRF,ENSG00000186416.8,X,inactive,,,,,,,,,,,
6-Sep,ENSG00000125354.18,X,inactive,,,,,,,,,,,
RPL39,ENSG00000198918.7,X,inactive,,,,,,,,,,,
UPF3B,ENSG00000125351.6,X,inactive,,,,,,,,,,,
RNF113A,ENSG00000125352.4,X,inactive,,,,,,,,,,,
NDUFA1,ENSG00000125356.6,X,inactive,,,,,,,,,,,
AKAP14,ENSG00000186471.8,X,variable,,,,,,,,,,,
NKAP,ENSG00000101882.5,X,inactive,,,,,,,,,,,
NKAPP1,ENSG00000233382.5,X,inactive,,,,,,,,,,,
RHOXF2,ENSG00000131721.4,X,inactive,,,,,,,,,,,
ZBTB33,ENSG00000177485.6,X,inactive,,,,,,,,,,,
TMEM255A,ENSG00000125355.11,X,inactive,,,,,,,,,,,
ATP1B4,ENSG00000101892.7,X,inactive,,,,,,,,,,,
LAMP2,ENSG00000005893.11,X,inactive,,,,,,,,,,,
CUL4B,ENSG00000158290.12,X,inactive,,,,,,,,,,,
MCTS1,ENSG00000232119.3,X,inactive,,,,,,,,,,,
C1GALT1C1,ENSG00000171155.7,X,inactive,,,,,,,,,,,
GLUD2,ENSG00000182890.3,X,inactive,,,,,,,,,,,
GRIA3,ENSG00000125675.13,X,variable,,,,,,,,,,,
THOC2,ENSG00000125676.15,X,inactive,,,,,,,,,,,
XIAP,ENSG00000101966.8,X,inactive,,,,,,,,,,,
STAG2,ENSG00000101972.14,X,inactive,,,,,,,,,,,
SH2D1A,ENSG00000183918.10,X,variable,,,,,,,,,,,
TENM1,ENSG00000009694.9,X,inactive,,,,,,,,,,,
CXorf64,ENSG00000183631.4,X,escape,,,,,,,,,,,
SMARCA1,ENSG00000102038.11,X,inactive,,,,,,,,,,,
OCRL,ENSG00000122126.11,X,inactive,,,,,,,,,,,
APLN,ENSG00000171388.9,X,inactive,,,,,,,,,,,
XPNPEP2,ENSG00000122121.6,X,inactive,,,,,,,,,,,
SASH3,ENSG00000122122.9,X,inactive,,,,,,,,,,,
ZDHHC9,ENSG00000188706.8,X,inactive,,,,,,,,,,,
UTP14A,ENSG00000156697.8,X,inactive,,,,,,,,,,,
BCORL1,ENSG00000085185.11,X,inactive,,,,,,,,,,,
ELF4,ENSG00000102034.12,X,inactive,,,,,,,,,,,
AIFM1,ENSG00000156709.9,X,inactive,,,,,,,,,,,
RAB33A,ENSG00000134594.4,X,inactive,,,,,,,,,,,
ZNF280C,ENSG00000056277.11,X,variable,,,,,,,,,,,
SLC25A14,ENSG00000102078.11,X,inactive,,,,,,,,,,,
RBMX2,ENSG00000134597.9,X,inactive,,,,,,,,,,,
ENOX2,ENSG00000165675.12,X,inactive,,,,,,,,,,,
ARHGAP36,ENSG00000147256.6,X,inactive,,,,,,,,,,,
IGSF1,ENSG00000147255.13,X,inactive,,,,,,,,,,,
RP11-453F18__B.1,ENSG00000213468.3,X,variable,,,,,,,,,,,
MST4,ENSG00000134602.11,X,inactive,,,,,,,,,,,
FRMD7,ENSG00000165694.5,X,variable,,,,,,,,,,,
RAP2C,ENSG00000123728.5,X,inactive,,,,,,,,,,,
RAP2C-AS1,ENSG00000232160.2,X,inactive,,,,,,,,,,,
MBNL3,ENSG00000076770.10,X,inactive,,,,,,,,,,,
HS6ST2,ENSG00000171004.13,X,escape,,,,,,,,,,,
GPC4,ENSG00000076716.7,X,inactive,,,,,,,,,,,
GPC3,ENSG00000147257.9,X,inactive,,,,,,,,,,,
PHF6,ENSG00000156531.12,X,inactive,,,,,,,,,,,
HPRT1,ENSG00000165704.10,X,inactive,,,,,,,,,,,
MIR503HG,ENSG00000223749.3,X,inactive,,,,,,,,,,,
PLAC1,ENSG00000170965.5,X,variable,,,,,,,,,,,
FAM122B,ENSG00000156504.12,X,variable,,,,,,,,,,,
FAM122C,ENSG00000156500.10,X,inactive,,,,,,,,,,,
MOSPD1,ENSG00000101928.8,X,inactive,,,,,,,,,,,
SMIM10,ENSG00000184785.4,X,inactive,,,,,,,,,,,
FAM127A,ENSG00000134590.9,X,inactive,,,,,,,,,,,
FAM127B,ENSG00000203950.6,X,inactive,,,,,,,,,,,
ZNF75D,ENSG00000186376.10,X,inactive,,,,,,,,,,,
ZNF449,ENSG00000173275.8,X,inactive,,,,,,,,,,,
DDX26B,ENSG00000165359.10,X,inactive,,,,,,,,,,,
MMGT1,ENSG00000169446.4,X,inactive,,,,,,,,,,,
SLC9A6,ENSG00000198689.5,X,inactive,,,,,,,,,,,
FHL1,ENSG00000022267.12,X,inactive,,,,,,,,,,,
MAP7D3,ENSG00000129680.11,X,inactive,,,,,,,,,,,
GPR112,ENSG00000156920.6,X,escape,,,,,,,,,,,
BRS3,ENSG00000102239.4,X,variable,,,,,,,,,,,
HTATSF1,ENSG00000102241.7,X,inactive,,,,,,,,,,,
VGLL1,ENSG00000102243.8,X,escape,,,,,,,,,,,
CD40LG,ENSG00000102245.3,X,variable,,,,,,,,,,,
ARHGEF6,ENSG00000129675.11,X,inactive,,,,,,,,,,,
RP11-1114A5.5,ENSG00000225400.1,X,inactive,,,,,,,,,,,
RBMX,ENSG00000147274.10,X,inactive,,,,,,,,,,,
FGF13,ENSG00000129682.9,X,variable,,,,,,,,,,,
F9,ENSG00000101981.6,X,variable,,,,,,,,,,,
MCF2,ENSG00000101977.15,X,inactive,,,,,,,,,,,
ATP11C,ENSG00000101974.10,X,inactive,,,,,,,,,,,
CXorf66,ENSG00000203933.2,X,inactive,,,,,,,,,,,
RP11-364B14.3,ENSG00000230707.1,X,inactive,,,,,,,,,,,
CDR1,ENSG00000184258.5,X,inactive,,,,,,,,,,,
LDOC1,ENSG00000182195.6,X,inactive,,,,,,,,,,,
MAGEC3,ENSG00000165509.9,X,escape,,,,,,,,,,,
SLITRK2,ENSG00000185985.7,X,inactive,,,,,,,,,,,
FMR1-AS1,ENSG00000268066.1,X,inactive,,,,,,,,,,,
FMR1,ENSG00000102081.9,X,inactive,,,,,,,,,,,
FMR1NB,ENSG00000176988.4,X,variable,,,,,,,,,,,
AFF2,ENSG00000155966.9,X,variable,,,,,,,,,,,
IDS,ENSG00000010404.13,X,inactive,,,,,,,,,,,
LINC00893,ENSG00000241769.3,X,variable,,,,,,,,,,,
CXorf40A,ENSG00000197620.6,X,inactive,,,,,,,,,,,
RP5-937E21.8,ENSG00000225261.1,X,inactive,,,,,,,,,,,
TMEM185A,ENSG00000155984.10,X,inactive,,,,,,,,,,,
MAGEA11,ENSG00000185247.10,X,variable,,,,,,,,,,,
MAGEA8,ENSG00000156009.5,X,variable,,,,,,,,,,,
CXorf40B,ENSG00000197021.4,X,inactive,,,,,,,,,,,
LINC00894,ENSG00000235703.1,X,inactive,,,,,,,,,,,
MAMLD1,ENSG00000013619.9,X,inactive,,,,,,,,,,,
MTM1,ENSG00000171100.10,X,inactive,,,,,,,,,,,
MTMR1,ENSG00000063601.12,X,inactive,,,,,,,,,,,
CD99L2,ENSG00000102181.15,X,inactive,,,,,,,,,,,
HMGB3,ENSG00000029993.10,X,inactive,,,,,,,,,,,
VMA21,ENSG00000160131.9,X,inactive,,,,,,,,,,,
PASD1,ENSG00000166049.10,X,escape,,,,,,,,,,,
CNGA2,ENSG00000183862.5,X,escape,,,,,,,,,,,
MAGEA4,ENSG00000147381.7,X,escape,,,,,,,,,,,
GABRE,ENSG00000102287.12,X,variable,,,,,,,,,,,
GABRA3,ENSG00000011677.8,X,variable,,,,,,,,,,,
MAGEA12,ENSG00000213401.4,X,escape,,,,,,,,,,,
CSAG1,ENSG00000198930.8,X,inactive,,,,,,,,,,,
CETN2,ENSG00000147400.8,X,inactive,,,,,,,,,,,
NSDHL,ENSG00000147383.6,X,inactive,,,,,,,,,,,
ZNF185,ENSG00000147394.14,X,inactive,,,,,,,,,,,
PNMA5,ENSG00000198883.7,X,variable,,,,,,,,,,,
PNMA3,ENSG00000183837.8,X,variable,,,,,,,,,,,
PNMA6A,ENSG00000224201.3,X,inactive,,,,,,,,,,,
ZNF275,ENSG00000063587.12,X,inactive,,,,,,,,,,,
TREX2,ENSG00000183479.8,X,inactive,,,,,,,,,,,
HAUS7,ENSG00000213397.6,X,inactive,,,,,,,,,,,
BGN,ENSG00000182492.11,X,inactive,,,,,,,,,,,
ATP2B3,ENSG00000067842.13,X,inactive,,,,,,,,,,,
FAM58A,ENSG00000147382.14,X,inactive,,,,,,,,,,,
RP11-66N11.8,ENSG00000260081.1,X,inactive,,,,,,,,,,,
DUSP9,ENSG00000130829.13,X,inactive,,,,,,,,,,,
PNCK,ENSG00000130822.11,X,variable,,,,,,,,,,,
BCAP31,ENSG00000185825.11,X,inactive,,,,,,,,,,,
ABCD1,ENSG00000101986.8,X,inactive,,,,,,,,,,,
PLXNB3,ENSG00000198753.7,X,escape,,,,,,,,,,,
SRPK3,ENSG00000184343.6,X,variable,,,,,,,,,,,
IDH3G,ENSG00000067829.14,X,inactive,,,,,,,,,,,
SSR4,ENSG00000180879.9,X,inactive,,,,,,,,,,,
PDZD4,ENSG00000067840.8,X,inactive,,,,,,,,,,,
L1CAM,ENSG00000198910.8,X,variable,,,,,,,,,,,
LCA10,ENSG00000196987.2,X,inactive,,,,,,,,,,,
AVPR2,ENSG00000126895.9,X,variable,,,,,,,,,,,
ARHGAP4,ENSG00000089820.11,X,variable,,,,,,,,,,,
NAA10,ENSG00000102030.11,X,variable,,,,,,,,,,,
RENBP,ENSG00000102032.8,X,escape,,,,,,,,,,,
HCFC1,ENSG00000172534.9,X,variable,,,,,,,,,,,
TMEM187,ENSG00000177854.7,X,inactive,,,,,,,,,,,
IRAK1,ENSG00000184216.7,X,inactive,,,,,,,,,,,
MECP2,ENSG00000169057.15,X,inactive,,,,,,,,,,,
TKTL1,ENSG00000007350.12,X,inactive,,,,,,,,,,,
FLNA,ENSG00000196924.10,X,inactive,,,,,,,,,,,
RPL10,ENSG00000147403.12,X,inactive,,,,,,,,,,,
DNASE1L1,ENSG00000013563.9,X,inactive,,,,,,,,,,,
TAZ,ENSG00000102125.11,X,inactive,,,,,,,,,,,
ATP6AP1,ENSG00000071553.12,X,inactive,,,,,,,,,,,
GDI1,ENSG00000203879.7,X,inactive,,,,,,,,,,,
FAM50A,ENSG00000071859.10,X,inactive,,,,,,,,,,,
PLXNA3,ENSG00000130827.5,X,inactive,,,,,,,,,,,
LAGE3,ENSG00000196976.5,X,inactive,,,,,,,,,,,
UBL4A,ENSG00000102178.8,X,inactive,,,,,,,,,,,
SLC10A3,ENSG00000126903.11,X,inactive,,,,,,,,,,,
FAM3A,ENSG00000071889.12,X,inactive,,,,,,,,,,,
G6PD,ENSG00000160211.11,X,inactive,,,,,,,,,,,
IKBKG,ENSG00000073009.8,X,escape,,,,,,,,,,,
GAB3,ENSG00000160219.7,X,inactive,,,,,,,,,,,
DKC1,ENSG00000130826.11,X,inactive,,,,,,,,,,,
MPP1,ENSG00000130830.10,X,inactive,,,,,,,,,,,
F8,ENSG00000185010.9,X,inactive,,,,,,,,,,,
F8A1,ENSG00000197932.3,X,inactive,,,,,,,,,,,
FUNDC2,ENSG00000165775.13,X,inactive,,,,,,,,,,,
CMC4,ENSG00000182712.11,X,inactive,,,,,,,,,,,
MTCP1,ENSG00000214827.5,X,inactive,,,,,,,,,,,
BRCC3,ENSG00000185515.10,X,inactive,,,,,,,,,,,
VBP1,ENSG00000155959.6,X,inactive,,,,,,,,,,,
RAB39B,ENSG00000155961.4,X,inactive,,,,,,,,,,,
CLIC2,ENSG00000155962.8,X,inactive,,,,,,,,,,,
TMLHE-AS1,ENSG00000224533.3,X,inactive,,,,,,,,,,,
TMLHE,ENSG00000185973.6,X,inactive,,,,,,,,,,,
SPRY3,ENSG00000168939.6,X,inactive,,,,,,,,,,,
VAMP7,ENSG00000124333.10,X,inactive,,,,,,,,,,,
IL9R,ENSG00000124334.12,X,variable,,,,,,,,,,,
,,,,,,,,,,,,,,
,,,,,,,,,,,,,,
,,,,,,,,,,,,,,
,,,,,,,,,,,,,,
,,,,,,,,,,,,,,
,,,,,,,,,,,,,,
,,,,,,,,,,,,,,
,,,,,,,,,,,,,,
,,,,,,,,,,,,,,
,,,,,,,,,,,,,,
,,,,,,,,,,,,,,
,,,,,,,,,,,,,,
,,,,,,,,,,,,,,
,,,,,,,,,,,,,,
,,,,,,,,,,,,,,
,,,,,,,,,,,,,,
,,,,,,,,,,,,,,
,,,,,,,,,,,,,,
,,,,,,,,,,,,,,
,,,,,,,,,,,,,,
,,,,,,,,,,,,,,
,,,,,,,,,,,,,,
,,,,,,,,,,,,,,
,,,,,,,,,,,,,,
,,,,,,,,,,,,,,
,,,,,,,,,,,,,,
,,,,,,,,,,,,,,
,,,,,,,,,,,,,,
,,,,,,,,,,,,,,
,,,,,,,,,,,,,,
,,,,,,,,,,,,,,
,,,,,,,,,,,,,,
,,,,,,,,,,,,,,
,,,,,,,,,,,,,,
,,,,,,,,,,,,,,
,,,,,,,,,,,,,,
,,,,,,,,,,,,,,
,,,,,,,,,,,,,,
,,,,,,,,,,,,,,
,,,,,,,,,,,,,,
,,,,,,,,,,,,,,
,,,,,,,,,,,,,,
,,,,,,,,,,,,,,
,,,,,,,,,,,,,,
,,,,,,,,,,,,,,
,,,,,,,,,,,,,,
,,,,,,,,,,,,,,
,,,,,,,,,,,,,,
,,,,,,,,,,,,,,
,,,,,,,,,,,,,,
,,,,,,,,,,,,,,
,,,,,,,,,,,,,,
,,,,,,,,,,,,,,
,,,,,,,,,,,,,,
,,,,,,,,,,,,,,
,,,,,,,,,,,,,,
,,,,,,,,,,,,,,
,,,,,,,,,,,,,,
,,,,,,,,,,,,,,
,,,,,,,,,,,,,,
,,,,,,,,,,,,,,
,,,,,,,,,,,,,,
,,,,,,,,,,,,,,
,,,,,,,,,,,,,,
,,,,,,,,,,,,,,
,,,,,,,,,,,,,,
,,,,,,,,,,,,,,
,,,,,,,,,,,,,,
,,,,,,,,,,,,,,
,,,,,,,,,,,,,,
,,,,,,,,,,,,,,
,,,,,,,,,,,,,,
,,,,,,,,,,,,,,
,,,,,,,,,,,,,,
,,,,,,,,,,,,,,
,,,,,,,,,,,,,,
,,,,,,,,,,,,,,
,,,,,,,,,,,,,,
,,,,,,,,,,,,,,
,,,,,,,,,,,,,,
,,,,,,,,,,,,,,
,,,,,,,,,,,,,,
,,,,,,,,,,,,,,
,,,,,,,,,,,,,,
,,,,,,,,,,,,,,
,,,,,,,,,,,,,,
,,,,,,,,,,,,,,
,,,,,,,,,,,,,,
,,,,,,,,,,,,,,
,,,,,,,,,,,,,,
,,,,,,,,,,,,,,
,,,,,,,,,,,,,,
,,,,,,,,,,,,,,
,,,,,,,,,,,,,,
,,,,,,,,,,,,,,
,,,,,,,,,,,,,,
,,,,,,,,,,,,,,
,,,,,,,,,,,,,,
,,,,,,,,,,,,,,
,,,,,,,,,,,,,,
,,,,,,,,,,,,,,
,,,,,,,,,,,,,,
,,,,,,,,,,,,,,
,,,,,,,,,,,,,,
,,,,,,,,,,,,,,
,,,,,,,,,,,,,,
,,,,,,,,,,,,,,
,,,,,,,,,,,,,,
,,,,,,,,,,,,,,
,,,,,,,,,,,,,,
,,,,,,,,,,,,,,
,,,,,,,,,,,,,,
,,,,,,,,,,,,,,
,,,,,,,,,,,,,,
,,,,,,,,,,,,,,
,,,,,,,,,,,,,,
,,,,,,,,,,,,,,
,,,,,,,,,,,,,,
,,,,,,,,,,,,,,
,,,,,,,,,,,,,,
,,,,,,,,,,,,,,
,,,,,,,,,,,,,,
,,,,,,,,,,,,,,
,,,,,,,,,,,,,,
,,,,,,,,,,,,,,
,,,,,,,,,,,,,,
,,,,,,,,,,,,,,
,,,,,,,,,,,,,,
,,,,,,,,,,,,,,
,,,,,,,,,,,,,,
,,,,,,,,,,,,,,
,,,,,,,,,,,,,,
,,,,,,,,,,,,,,
,,,,,,,,,,,,,,
,,,,,,,,,,,,,,
,,,,,,,,,,,,,,
,,,,,,,,,,,,,,
,,,,,,,,,,,,,,
,,,,,,,,,,,,,,
,,,,,,,,,,,,,,
,,,,,,,,,,,,,,
,,,,,,,,,,,,,,
,,,,,,,,,,,,,,
,,,,,,,,,,,,,,
,,,,,,,,,,,,,,
,,,,,,,,,,,,,,
,,,,,,,,,,,,,,
,,,,,,,,,,,,,,
,,,,,,,,,,,,,,
,,,,,,,,,,,,,,
,,,,,,,,,,,,,,
,,,,,,,,,,,,,,
,,,,,,,,,,,,,,
,,,,,,,,,,,,,,
,,,,,,,,,,,,,,
,,,,,,,,,,,,,,
,,,,,,,,,,,,,,
,,,,,,,,,,,,,,
,,,,,,,,,,,,,,
,,,,,,,,,,,,,,
,,,,,,,,,,,,,,
,,,,,,,,,,,,,,
,,,,,,,,,,,,,,
,,,,,,,,,,,,,,
,,,,,,,,,,,,,,
,,,,,,,,,,,,,,
,,,,,,,,,,,,,,
,,,,,,,,,,,,,,
,,,,,,,,,,,,,,
,,,,,,,,,,,,,,
,,,,,,,,,,,,,,
,,,,,,,,,,,,,,
,,,,,,,,,,,,,,
,,,,,,,,,,,,,,
,,,,,,,,,,,,,,
,,,,,,,,,,,,,,
,,,,,,,,,,,,,,
,,,,,,,,,,,,,,
,,,,,,,,,,,,,,
,,,,,,,,,,,,,,
,,,,,,,,,,,,,,
,,,,,,,,,,,,,,
,,,,,,,,,,,,,,
,,,,,,,,,,,,,,
,,,,,,,,,,,,,,
,,,,,,,,,,,,,,
,,,,,,,,,,,,,,
,,,,,,,,,,,,,,
,,,,,,,,,,,,,,
,,,,,,,,,,,,,,
,,,,,,,,,,,,,,
,,,,,,,,,,,,,,
,,,,,,,,,,,,,,
,,,,,,,,,,,,,,
,,,,,,,,,,,,,,
,,,,,,,,,,,,,,
,,,,,,,,,,,,,,
,,,,,,,,,,,,,,
,,,,,,,,,,,,,,
,,,,,,,,,,,,,,
,,,,,,,,,,,,,,
,,,,,,,,,,,,,,
,,,,,,,,,,,,,,
,,,,,,,,,,,,,,
,,,,,,,,,,,,,,
,,,,,,,,,,,,,,
,,,,,,,,,,,,,,
,,,,,,,,,,,,,,
,,,,,,,,,,,,,,
,,,,,,,,,,,,,,
,,,,,,,,,,,,,,
,,,,,,,,,,,,,,
,,,,,,,,,,,,,,
,,,,,,,,,,,,,,
,,,,,,,,,,,,,,
,,,,,,,,,,,,,,
,,,,,,,,,,,,,,
,,,,,,,,,,,,,,
,,,,,,,,,,,,,,
,,,,,,,,,,,,,,
,,,,,,,,,,,,,,
,,,,,,,,,,,,,,
,,,,,,,,,,,,,,
,,,,,,,,,,,,,,
,,,,,,,,,,,,,,
,,,,,,,,,,,,,,
,,,,,,,,,,,,,,
,,,,,,,,,,,,,,
,,,,,,,,,,,,,,
,,,,,,,,,,,,,,
,,,,,,,,,,,,,,
,,,,,,,,,,,,,,
,,,,,,,,,,,,,,
,,,,,,,,,,,,,,
,,,,,,,,,,,,,,
,,,,,,,,,,,,,,
,,,,,,,,,,,,,,
,,,,,,,,,,,,,,
,,,,,,,,,,,,,,
,,,,,,,,,,,,,,
,,,,,,,,,,,,,,
,,,,,,,,,,,,,,
,,,,,,,,,,,,,,
,,,,,,,,,,,,,,
,,,,,,,,,,,,,,
,,,,,,,,,,,,,,
,,,,,,,,,,,,,,
,,,,,,,,,,,,,,
,,,,,,,,,,,,,,
,,,,,,,,,,,,,,
,,,,,,,,,,,,,,
,,,,,,,,,,,,,,
,,,,,,,,,,,,,,
,,,,,,,,,,,,,,
,,,,,,,,,,,,,,
,,,,,,,,,,,,,,
,,,,,,,,,,,,,,
,,,,,,,,,,,,,,
,,,,,,,,,,,,,,
,,,,,,,,,,,,,,
,,,,,,,,,,,,,,
,,,,,,,,,,,,,,
,,,,,,,,,,,,,,
,,,,,,,,,,,,,,
,,,,,,,,,,,,,,
,,,,,,,,,,,,,,
,,,,,,,,,,,,,,
,,,,,,,,,,,,,,
,,,,,,,,,,,,,,
,,,,,,,,,,,,,,
,,,,,,,,,,,,,,
,,,,,,,,,,,,,,
,,,,,,,,,,,,,,
,,,,,,,,,,,,,,
,,,,,,,,,,,,,,
,,,,,,,,,,,,,,
,,,,,,,,,,,,,,
,,,,,,,,,,,,,,
,,,,,,,,,,,,,,
,,,,,,,,,,,,,,
,,,,,,,,,,,,,,
,,,,,,,,,,,,,,
,,,,,,,,,,,,,,
,,,,,,,,,,,,,,
,,,,,,,,,,,,,,
,,,,,,,,,,,,,,
,,,,,,,,,,,,,,
,,,,,,,,,,,,,,
,,,,,,,,,,,,,,
,,,,,,,,,,,,,,
,,,,,,,,,,,,,,
,,,,,,,,,,,,,,
,,,,,,,,,,,,,,
,,,,,,,,,,,,,,
,,,,,,,,,,,,,,
,,,,,,,,,,,,,,
,,,,,,,,,,,,,,
,,,,,,,,,,,,,,
,,,,,,,,,,,,,,
,,,,,,,,,,,,,,
,,,,,,,,,,,,,,
,,,,,,,,,,,,,,
,,,,,,,,,,,,,,
,,,,,,,,,,,,,,
,,,,,,,,,,,,,,
,,,,,,,,,,,,,,
,,,,,,,,,,,,,,
,,,,,,,,,,,,,,
,,,,,,,,,,,,,,
,,,,,,,,,,,,,,
,,,,,,,,,,,,,,
,,,,,,,,,,,,,,
,,,,,,,,,,,,,,
,,,,,,,,,,,,,,
,,,,,,,,,,,,,,
,,,,,,,,,,,,,,
,,,,,,,,,,,,,,
,,,,,,,,,,,,,,
,,,,,,,,,,,,,,
,,,,,,,,,,,,,,
,,,,,,,,,,,,,,
,,,,,,,,,,,,,,
,,,,,,,,,,,,,,
,,,,,,,,,,,,,,
,,,,,,,,,,,,,,
,,,,,,,,,,,,,,
,,,,,,,,,,,,,,
,,,,,,,,,,,,,,
,,,,,,,,,,,,,,
,,,,,,,,,,,,,,
,,,,,,,,,,,,,,
,,,,,,,,,,,,,,
,,,,,,,,,,,,,,
,,,,,,,,,,,,,,
,,,,,,,,,,,,,,
,,,,,,,,,,,,,,
,,,,,,,,,,,,,,
,,,,,,,,,,,,,,
,,,,,,,,,,,,,,
,,,,,,,,,,,,,,
,,,,,,,,,,,,,,
,,,,,,,,,,,,,,
,,,,,,,,,,,,,,
,,,,,,,,,,,,,,
,,,,,,,,,,,,,,
,,,,,,,,,,,,,,
,,,,,,,,,,,,,,
,,,,,,,,,,,,,,
,,,,,,,,,,,,,,
,,,,,,,,,,,,,,
,,,,,,,,,,,,,,
,,,,,,,,,,,,,,
,,,,,,,,,,,,,,
,,,,,,,,,,,,,,
,,,,,,,,,,,,,,
,,,,,,,,,,,,,,
,,,,,,,,,,,,,,
,,,,,,,,,,,,,,
,,,,,,,,,,,,,,
,,,,,,,,,,,,,,
,,,,,,,,,,,,,,
,,,,,,,,,,,,,,
,,,,,,,,,,,,,,
,,,,,,,,,,,,,,
,,,,,,,,,,,,,,
